{
  "cores": 15,
  "workers": 14,
  "signMode": "full",
  "behaviors": [
    "payment",
    "poker",
    "chat",
    "blackjack",
    "tictactoe"
  ],
  "tunnels": 1000,
  "activeParticipants": 100,
  "elapsedMs": 3576,
  "totalInteractions": 200000,
  "avgTps": 55928.411633109616,
  "peakTps": 398932,
  "perCoreTps": 3994.8865452221153,
  "signaturesPerSec": 111856.82326621923,
  "verificationsPerSec": 111856.82326621923,
  "bytesPerSec": 6711409.395973154,
  "bandwidthBytes": 24000000,
  "bytesPerUpdate": 120,
  "settlementSuccessRate": 1
}